{
  "": {
    "swift-dependencies": "/Users/md/Desktop/KeyWordFileSorter/airbc/airbc/.build/arm64-apple-macosx/debug/airbc.build/master.swiftdeps"
  },
  "/Users/md/Desktop/KeyWordFileSorter/airbc/airbc/Sources/main.swift": {
    "dependencies": "/Users/md/Desktop/KeyWordFileSorter/airbc/airbc/.build/arm64-apple-macosx/debug/airbc.build/main.d",
    "object": "/Users/md/Desktop/KeyWordFileSorter/airbc/airbc/.build/arm64-apple-macosx/debug/airbc.build/main.swift.o",
    "swiftmodule": "/Users/md/Desktop/KeyWordFileSorter/airbc/airbc/.build/arm64-apple-macosx/debug/airbc.build/main~partial.swiftmodule",
    "swift-dependencies": "/Users/md/Desktop/KeyWordFileSorter/airbc/airbc/.build/arm64-apple-macosx/debug/airbc.build/main.swiftdeps"
  }
}
